<?xml version="1.0" encoding="UTF-8"?><?xml-stylesheet type='text/xsl' href='_UpgradeReport_Files/UpgradeReport.xslt'?><UpgradeLog>
<Properties><Property Name="Solution" Value="MdiTabControl">
</Property><Property Name="Solution File" Value="C:\Documents and Settings\Eduardo\My Documents\My Development\Eduardo Development\MdiTabControl\MdiTabControl.sln">
</Property><Property Name="User Options File" Value="C:\Documents and Settings\Eduardo\My Documents\My Development\Eduardo Development\MdiTabControl\MdiTabControl.suo">
</Property><Property Name="Date" Value="August 25, 2008">
</Property><Property Name="Time" Value="20:23 PM">
</Property></Properties><Event ErrorLevel="0" Project="" Source="MdiTabControl.sln" Description="File successfully backed up as C:\Documents and Settings\Eduardo\My Documents\My Development\Eduardo Development\MdiTabControl\Backup\MdiTabControl.sln">
</Event><Event ErrorLevel="0" Project="" Source="MdiTabControl.suo" Description="File successfully backed up as C:\Documents and Settings\Eduardo\My Documents\My Development\Eduardo Development\MdiTabControl\Backup\MdiTabControl.suo">
</Event><Event ErrorLevel="0" Project="MdiTabControlTest" Source="MdiTabControlTest\MdiTabControlTest.vbproj" Description="Project file successfully backed up as C:\Documents and Settings\Eduardo\My Documents\My Development\Eduardo Development\MdiTabControl\Backup\MdiTabControlTest\MdiTabControlTest.vbproj">
</Event><Event ErrorLevel="0" Project="MdiTabControlTest" Source="MdiTabControlTest\MdiTabControlTest.vbproj.user" Description="Project user file successfully backed up as C:\Documents and Settings\Eduardo\My Documents\My Development\Eduardo Development\MdiTabControl\Backup\MdiTabControlTest\MdiTabControlTest.vbproj.user">
</Event><Event ErrorLevel="0" Project="MdiTabControlTest" Source="MdiTabControlTest\Detail.designer.vb" Description="File successfully backed up as C:\Documents and Settings\Eduardo\My Documents\My Development\Eduardo Development\MdiTabControl\Backup\MdiTabControlTest\Detail.designer.vb">
</Event><Event ErrorLevel="0" Project="MdiTabControlTest" Source="MdiTabControlTest\Detail.vb" Description="File successfully backed up as C:\Documents and Settings\Eduardo\My Documents\My Development\Eduardo Development\MdiTabControl\Backup\MdiTabControlTest\Detail.vb">
</Event><Event ErrorLevel="0" Project="MdiTabControlTest" Source="MdiTabControlTest\MainForm.designer.vb" Description="File successfully backed up as C:\Documents and Settings\Eduardo\My Documents\My Development\Eduardo Development\MdiTabControl\Backup\MdiTabControlTest\MainForm.designer.vb">
</Event><Event ErrorLevel="0" Project="MdiTabControlTest" Source="MdiTabControlTest\MainForm.vb" Description="File successfully backed up as C:\Documents and Settings\Eduardo\My Documents\My Development\Eduardo Development\MdiTabControl\Backup\MdiTabControlTest\MainForm.vb">
</Event><Event ErrorLevel="0" Project="MdiTabControlTest" Source="MdiTabControlTest\My Project\AssemblyInfo.vb" Description="File successfully backed up as C:\Documents and Settings\Eduardo\My Documents\My Development\Eduardo Development\MdiTabControl\Backup\MdiTabControlTest\My Project\AssemblyInfo.vb">
</Event><Event ErrorLevel="0" Project="MdiTabControlTest" Source="MdiTabControlTest\My Project\Application.Designer.vb" Description="File successfully backed up as C:\Documents and Settings\Eduardo\My Documents\My Development\Eduardo Development\MdiTabControl\Backup\MdiTabControlTest\My Project\Application.Designer.vb">
</Event><Event ErrorLevel="0" Project="MdiTabControlTest" Source="MdiTabControlTest\My Project\Resources.Designer.vb" Description="File successfully backed up as C:\Documents and Settings\Eduardo\My Documents\My Development\Eduardo Development\MdiTabControl\Backup\MdiTabControlTest\My Project\Resources.Designer.vb">
</Event><Event ErrorLevel="0" Project="MdiTabControlTest" Source="MdiTabControlTest\My Project\Settings.Designer.vb" Description="File successfully backed up as C:\Documents and Settings\Eduardo\My Documents\My Development\Eduardo Development\MdiTabControl\Backup\MdiTabControlTest\My Project\Settings.Designer.vb">
</Event><Event ErrorLevel="0" Project="MdiTabControlTest" Source="MdiTabControlTest\SearchForm.designer.vb" Description="File successfully backed up as C:\Documents and Settings\Eduardo\My Documents\My Development\Eduardo Development\MdiTabControl\Backup\MdiTabControlTest\SearchForm.designer.vb">
</Event><Event ErrorLevel="0" Project="MdiTabControlTest" Source="MdiTabControlTest\SearchForm.vb" Description="File successfully backed up as C:\Documents and Settings\Eduardo\My Documents\My Development\Eduardo Development\MdiTabControl\Backup\MdiTabControlTest\SearchForm.vb">
</Event><Event ErrorLevel="0" Project="MdiTabControlTest" Source="MdiTabControlTest\My Project\Application.myapp" Description="File successfully backed up as C:\Documents and Settings\Eduardo\My Documents\My Development\Eduardo Development\MdiTabControl\Backup\MdiTabControlTest\My Project\Application.myapp">
</Event><Event ErrorLevel="0" Project="MdiTabControlTest" Source="MdiTabControlTest\My Project\Settings.settings" Description="File successfully backed up as C:\Documents and Settings\Eduardo\My Documents\My Development\Eduardo Development\MdiTabControl\Backup\MdiTabControlTest\My Project\Settings.settings">
</Event><Event ErrorLevel="0" Project="MdiTabControlTest" Source="MdiTabControlTest\Resources\Close.png" Description="File successfully backed up as C:\Documents and Settings\Eduardo\My Documents\My Development\Eduardo Development\MdiTabControl\Backup\MdiTabControlTest\Resources\Close.png">
</Event><Event ErrorLevel="0" Project="MdiTabControlTest" Source="MdiTabControlTest\Resources\CloseDisabled.png" Description="File successfully backed up as C:\Documents and Settings\Eduardo\My Documents\My Development\Eduardo Development\MdiTabControl\Backup\MdiTabControlTest\Resources\CloseDisabled.png">
</Event><Event ErrorLevel="0" Project="MdiTabControlTest" Source="MdiTabControlTest\Resources\CloseHot.png" Description="File successfully backed up as C:\Documents and Settings\Eduardo\My Documents\My Development\Eduardo Development\MdiTabControl\Backup\MdiTabControlTest\Resources\CloseHot.png">
</Event><Event ErrorLevel="0" Project="MdiTabControlTest" Source="MdiTabControlTest\Detail.resx" Description="File successfully backed up as C:\Documents and Settings\Eduardo\My Documents\My Development\Eduardo Development\MdiTabControl\Backup\MdiTabControlTest\Detail.resx">
</Event><Event ErrorLevel="0" Project="MdiTabControlTest" Source="MdiTabControlTest\MainForm.resx" Description="File successfully backed up as C:\Documents and Settings\Eduardo\My Documents\My Development\Eduardo Development\MdiTabControl\Backup\MdiTabControlTest\MainForm.resx">
</Event><Event ErrorLevel="0" Project="MdiTabControlTest" Source="MdiTabControlTest\My Project\Resources.resx" Description="File successfully backed up as C:\Documents and Settings\Eduardo\My Documents\My Development\Eduardo Development\MdiTabControl\Backup\MdiTabControlTest\My Project\Resources.resx">
</Event><Event ErrorLevel="0" Project="MdiTabControlTest" Source="MdiTabControlTest\SearchForm.resx" Description="File successfully backed up as C:\Documents and Settings\Eduardo\My Documents\My Development\Eduardo Development\MdiTabControl\Backup\MdiTabControlTest\SearchForm.resx">
</Event><Event ErrorLevel="0" Project="MdiTabControlTest" Source="MdiTabControlTest\MdiTabControlTest.vbproj" Description="Project converted successfully">
</Event><Event ErrorLevel="3" Project="MdiTabControlTest" Source="MdiTabControlTest\MdiTabControlTest.vbproj" Description="Converted">
</Event><Event ErrorLevel="0" Project="MdiTabControl" Source="MdiTabControl\MdiTabControl.vbproj" Description="Project file successfully backed up as C:\Documents and Settings\Eduardo\My Documents\My Development\Eduardo Development\MdiTabControl\Backup\MdiTabControl\MdiTabControl.vbproj">
</Event><Event ErrorLevel="0" Project="MdiTabControl" Source="MdiTabControl\MdiTabControl.vbproj.user" Description="Project user file successfully backed up as C:\Documents and Settings\Eduardo\My Documents\My Development\Eduardo Development\MdiTabControl\Backup\MdiTabControl\MdiTabControl.vbproj.user">
</Event><Event ErrorLevel="0" Project="MdiTabControl" Source="MdiTabControl\ControlButton.Designer.vb" Description="File successfully backed up as C:\Documents and Settings\Eduardo\My Documents\My Development\Eduardo Development\MdiTabControl\Backup\MdiTabControl\ControlButton.Designer.vb">
</Event><Event ErrorLevel="0" Project="MdiTabControl" Source="MdiTabControl\ControlButton.vb" Description="File successfully backed up as C:\Documents and Settings\Eduardo\My Documents\My Development\Eduardo Development\MdiTabControl\Backup\MdiTabControl\ControlButton.vb">
</Event><Event ErrorLevel="0" Project="MdiTabControl" Source="MdiTabControl\TabPage.Designer.vb" Description="File successfully backed up as C:\Documents and Settings\Eduardo\My Documents\My Development\Eduardo Development\MdiTabControl\Backup\MdiTabControl\TabPage.Designer.vb">
</Event><Event ErrorLevel="0" Project="MdiTabControl" Source="MdiTabControl\TabPage.vb" Description="File successfully backed up as C:\Documents and Settings\Eduardo\My Documents\My Development\Eduardo Development\MdiTabControl\Backup\MdiTabControl\TabPage.vb">
</Event><Event ErrorLevel="0" Project="MdiTabControl" Source="MdiTabControl\TabControl.Designer.vb" Description="File successfully backed up as C:\Documents and Settings\Eduardo\My Documents\My Development\Eduardo Development\MdiTabControl\Backup\MdiTabControl\TabControl.Designer.vb">
</Event><Event ErrorLevel="0" Project="MdiTabControl" Source="MdiTabControl\TabControl.vb" Description="File successfully backed up as C:\Documents and Settings\Eduardo\My Documents\My Development\Eduardo Development\MdiTabControl\Backup\MdiTabControl\TabControl.vb">
</Event><Event ErrorLevel="0" Project="MdiTabControl" Source="MdiTabControl\My Project\Application.Designer.vb" Description="File successfully backed up as C:\Documents and Settings\Eduardo\My Documents\My Development\Eduardo Development\MdiTabControl\Backup\MdiTabControl\My Project\Application.Designer.vb">
</Event><Event ErrorLevel="0" Project="MdiTabControl" Source="MdiTabControl\My Project\AssemblyInfo.vb" Description="File successfully backed up as C:\Documents and Settings\Eduardo\My Documents\My Development\Eduardo Development\MdiTabControl\Backup\MdiTabControl\My Project\AssemblyInfo.vb">
</Event><Event ErrorLevel="0" Project="MdiTabControl" Source="MdiTabControl\My Project\Resources.Designer.vb" Description="File successfully backed up as C:\Documents and Settings\Eduardo\My Documents\My Development\Eduardo Development\MdiTabControl\Backup\MdiTabControl\My Project\Resources.Designer.vb">
</Event><Event ErrorLevel="0" Project="MdiTabControl" Source="MdiTabControl\My Project\Settings.Designer.vb" Description="File successfully backed up as C:\Documents and Settings\Eduardo\My Documents\My Development\Eduardo Development\MdiTabControl\Backup\MdiTabControl\My Project\Settings.Designer.vb">
</Event><Event ErrorLevel="0" Project="MdiTabControl" Source="MdiTabControl\My Project\Application.myapp" Description="File successfully backed up as C:\Documents and Settings\Eduardo\My Documents\My Development\Eduardo Development\MdiTabControl\Backup\MdiTabControl\My Project\Application.myapp">
</Event><Event ErrorLevel="0" Project="MdiTabControl" Source="MdiTabControl\My Project\Settings.settings" Description="File successfully backed up as C:\Documents and Settings\Eduardo\My Documents\My Development\Eduardo Development\MdiTabControl\Backup\MdiTabControl\My Project\Settings.settings">
</Event><Event ErrorLevel="0" Project="MdiTabControl" Source="MdiTabControl\TabControl.resx" Description="File successfully backed up as C:\Documents and Settings\Eduardo\My Documents\My Development\Eduardo Development\MdiTabControl\Backup\MdiTabControl\TabControl.resx">
</Event><Event ErrorLevel="0" Project="MdiTabControl" Source="MdiTabControl\My Project\Resources.resx" Description="File successfully backed up as C:\Documents and Settings\Eduardo\My Documents\My Development\Eduardo Development\MdiTabControl\Backup\MdiTabControl\My Project\Resources.resx">
</Event><Event ErrorLevel="0" Project="MdiTabControl" Source="MdiTabControl\MdiTabControl.vbproj" Description="Project converted successfully">
</Event><Event ErrorLevel="3" Project="MdiTabControl" Source="MdiTabControl\MdiTabControl.vbproj" Description="Converted">
</Event><Event ErrorLevel="0" Project="" Source="MdiTabControl.sln" Description="Solution converted successfully">
</Event><Event ErrorLevel="3" Project="" Source="MdiTabControl.sln" Description="Converted">
</Event><Event ErrorLevel="0" Project="MdiTabControlTest" Source="MdiTabControlTest\MdiTabControlTest.vbproj" Description="Scan complete: Upgrade not required for project files.">
</Event><Event ErrorLevel="0" Project="MdiTabControl" Source="MdiTabControl\MdiTabControl.vbproj" Description="Scan complete: Upgrade not required for project files.">
</Event></UpgradeLog>